[["㝡", " ", "", "", ["very", "exceedingly", "most", "superior", ""], {"jis213": "2-8-3", "strokes": "11", "ucs": "3761"}], ["㝢", " ", "", "", ["a house", "a roof", "look", "appearance", "space", ""], {"jis213": "2-8-5", "strokes": "12", "ucs": "3762"}], ["㝫", " ", "", "", ["shape of the sky", ""], {"jis213": "2-8-9", "strokes": "14", "ucs": "376B"}], ["㝵", " ", "", "", ["to get", "complacent", "to obstruct", "to hinder", "to stop progress", "to injure", "to offend", "to concern", "hindrance", "restraint", ""], {"jis213": "2-8-12", "strokes": "8", "ucs": "3775"}], ["㟁", " ", "", "", ["shore", "bank", "beach", "coast", ""], {"jis213": "2-8-30", "strokes": "8", "ucs": "37C1"}], ["㟢", " ", "", "", ["the rocks on the hills are of different shapes", "rugged and weird", "character different from others", ""], {"halpern_kkd": "2866", "jis213": "1-47-79", "strokes": "11", "ucs": "37E2"}], ["㟨", " ", "", "", ["a fountain in the side of a hill", "name of a mountain", ""], {"jis213": "2-8-54", "strokes": "12", "ucs": "37E8"}], ["㟴", " ", "", "", ["lump on the hills", "rugged", "rough", "lofty", "steep", "the dejection one feels at heart", ""], {"jis213": "2-8-57", "strokes": "13", "ucs": "37F4"}], ["㟽", " ", "", "", ["mountain top", "summit", "pointing mountain", ""], {"jis213": "2-8-60", "strokes": "14", "ucs": "37FD"}], ["㠀", " ", "", "", ["island", "isle", ""], {"halpern_kkd": "3544", "jis213": "2-8-62", "nelson_c": "5343", "strokes": "14", "ucs": "3800"}], ["㠶", " ", "", "", ["a sail", "to sail", ""], {"halpern_kkd": "243", "jis213": "2-8-81", "strokes": "6", "ucs": "3836"}], ["㡀", " ", "", "", ["ragged clothing", "ragged", "old and wear out", ""], {"jis213": "2-8-84", "strokes": "8", "ucs": "3840"}], ["㡜", " ", "", "", ["ragged clothes", "left over", "remainder", "the excess", "the surplus", "to cut out (of silk fabrics) as a design", ""], {"jis213": "2-8-89", "strokes": "14", "ucs": "385C"}], ["㡡", " ", "", "", ["screen to make a temporary kitchen", ""], {"jis213": "2-8-91", "nelson_c": "1487", "strokes": "15", "ucs": "3861"}], ["㣺", " ", "", "", ["the heart", "the moral nature", "the mind", "the affections", "intention", "the radical on left side of the character", ""], {"jis213": "2-12-27", "strokes": "5", "ucs": "38FA"}], ["㤚", " ", "", "", ["joy", "delight", "gratification", ""], {"jis213": "2-12-42", "strokes": "10", "ucs": "391A"}], ["㥯", " ", "", "", ["careful", "compassionate", "to take an interest in", "prudent", "cautious", "worried and grieved", ""], {"jis213": "2-12-64", "strokes": "14", "ucs": "396F"}], ["㩮", " ", "", "", ["to lift up or off", "to raise high", "to unveil", ""], {"jis213": "2-13-59", "strokes": "21", "ucs": "3A6E"}], ["㩳", " ", "", "", ["to hold", "to grasp", "to detain", "to uphold", "to push", "to stand upright", "expel", "to shirk", "to raise up", ""], {"jis213": "2-13-63", "strokes": "22", "ucs": "3A73"}], ["㫗", " ", "", "", ["thick", "deep friendship", "to treat kindly", "generous", ""], {"jis213": "2-14-22", "strokes": "7", "ucs": "3AD7"}], ["㫪", " ", "", "", ["to pound (grain) in order to remove the husk", ""], {"jis213": "2-13-92", "strokes": "10", "ucs": "3AEA"}], ["㬎", " ", "", "", ["motes in a sunbeam", "bright", "fibrous", "to manifest", "to display", "to be illustrious", "evident", "to seem", "to appear", "cocoons", "chrysalis", "will not have a pleasant conversation", ""], {"jis213": "2-14-14", "strokes": "14", "ucs": "3B0E"}], ["㬚", " ", "", "", ["light", "bright", "clear", ""], {"jis213": "2-14-18", "strokes": "16", "ucs": "3B1A"}], ["㬜", " ", "", "", ["to advance", "to increase", "to flourish", ""], {"jis213": "2-14-20", "strokes": "16", "ucs": "3B1C"}], ["㬢", " ", "", "", ["sunshine", "sunlight", "the light of day", ""], {"jis213": "1-85-41", "strokes": "17", "ucs": "3B22"}], ["㭭", " ", "", "", ["a kind of tree", "a harrow", "a drag", "a written contract or agreement", "a bond", "a deed", "handles of spears or lances used in ancient times", ""], {"jis213": "2-14-77", "strokes": "11", "ucs": "3B6D"}], ["㮇", " ", "", "", ["a builder's frame for measuring", "juniper", "a poker (for stirring fire)", "a cylinder part on the old style of wooden doors", ""], {"jis213": "2-15-8", "strokes": "12", "ucs": "3B87"}], ["㮈", " ", "", "", ["but", "how", "what", "a remedy", "a resource", "to bear", "to endure", ""], {"jis213": "2-15-9", "strokes": "12", "ucs": "3B88"}], ["㮍", " ", "", "", ["a memorandum tablet", "slip of paper", "fancy note-paper", "a note", "a document", "comments", ""], {"jis213": "2-15-12", "strokes": "13", "ucs": "3B8D"}], ["㮤", " ", "", "", ["pine", "fir", "loose", "lax", "slack", ""], {"jis213": "2-15-20", "strokes": "14", "ucs": "3BA4"}], ["㮶", " ", "", "", ["a tree", "a fence", "a palisade", "a railing", ""], {"jis213": "1-85-94", "strokes": "14", "ucs": "3BB6"}], ["㯃", " ", "", "", ["the varnish tree", "paint", "lacquer", "varinish", "to paint or varinish", "black", "sticky", ""], {"jis213": "1-86-1", "strokes": "15", "ucs": "3BC3"}], ["㯍", " ", "", "", ["an oar", ""], {"jis213": "2-15-40", "strokes": "15", "ucs": "3BCD"}], ["㯰", " ", "", "", ["to plant", "to set up", "to erect", "plants", ""], {"jis213": "2-15-61", "strokes": "17", "ucs": "3BF0"}], ["㰏", " ", "", "", ["a bamboo pole", "a pole for punting a boat", ""], {"jis213": "1-86-26", "strokes": "20", "ucs": "3C0F"}], ["㰦", " ", "", "", ["to breath with mouth open", ""], {"jis213": "2-15-87", "strokes": "9", "ucs": "3C26"}], ["㳃", " ", "", "", ["to temper iron or steel for making swords_ etc. (also used figuratively)", "to dip into water", "to soak", "to dye", ""], {"jis213": "2-78-27", "strokes": "8", "ucs": "3CC3"}], ["㳒", " ", "", "", ["statutes", "laws", "regulations", "a rule", "legal standard", "plan or methods_ etc.", ""], {"jis213": "2-78-34", "strokes": "9", "ucs": "3CD2"}], ["㴑", " ", "", "", ["to trace up to a source", "to go against the stream", "water", ""], {"jis213": "2-78-81", "strokes": "13", "ucs": "3D11"}], ["㴞", " ", "", "", ["fluent", "to fill", "to prevail", ""], {"jis213": "2-78-94", "strokes": "13", "ucs": "3D1E"}], ["㵤", " ", "", "", ["to overflow", "to spread", ""], {"jis213": "2-79-32", "strokes": "17", "ucs": "3D64"}], ["㶚", "ハ バ ", "", "", ["name of a river in Shanxi", ""], {"jis213": "2-79-52", "strokes": "23", "ucs": "3D9A"}], ["㷀", " ", "", "", ["solitary", "alone", "single", "brotherless", "friendless", "helpless", "dice", "a kind of gambling game played in ancient times", ""], {"jis213": "2-79-80", "strokes": "11", "ucs": "3DC0"}], ["㷔", " ", "", "", ["flame", "blaze", "glowing", "brilliant", ""], {"jis213": "2-79-87", "strokes": "13", "ucs": "3DD4"}], ["㸅", " ", "", "", ["ashes", "candle end", ""], {"jis213": "2-80-8", "strokes": "18", "ucs": "3E05"}], ["㸿", " ", "", "", ["a calf", ""], {"jis213": "1-87-70", "strokes": "11", "ucs": "3E3F"}], ["㹠", " ", "トン", "", ["small pig", "sucking pig", "to shuffle along without lifting the feet", ""], {"jis213": "2-80-31", "strokes": "9", "ucs": "3E60"}], ["㹦", " ", "", "", ["dog with a short tail", "the sable", "the marten", "mink", ""], {"jis213": "2-80-33", "strokes": "10", "ucs": "3E66"}], ["㹨", " ", "", "", ["a kind of animal (looks like weasel)", "an ape with black color and long tail", ""], {"jis213": "2-80-34", "strokes": "10", "ucs": "3E68"}], ["㺃", " ", "", "", ["a dog", "canine", ""], {"jis213": "2-80-41", "strokes": "14", "ucs": "3E83"}], ["㺔", " ", "", "", ["a kind of beast", "a legendary monster", ""], {"jis213": "2-80-48", "strokes": "17", "ucs": "3E94"}], ["㽲", " ", "", "", ["griping colic", "illness", "disease", ""], {"jis213": "1-88-45", "strokes": "7", "ucs": "3F72"}], ["㽵", " ", "", "", ["solemn", "large farmhouse", ""], {"jis213": "2-81-38", "strokes": "8", "ucs": "3F75"}], ["㽷", " ", "", "", ["dropsy", "hydrophillic swelling", ""], {"jis213": "2-81-40", "strokes": "9", "ucs": "3F77"}], ["㾮", " ", "", "", ["jaundice", ""], {"jis213": "2-81-60", "strokes": "14", "ucs": "3FAE"}], ["㿉", " ", "", "", ["disease of the private part of the human body", ""], {"jis213": "2-81-71", "strokes": "17", "ucs": "3FC9"}], ["㿗", " ", "", "", ["disease of the private part of the human body", ""], {"jis213": "2-81-76", "strokes": "21", "ucs": "3FD7"}], ["䀹", " ", "", "", ["to wink eyelashes", "having one eye smaller than the other", "joke", "witticism", "pleasantry", "jest", "fun", ""], {"jis213": "2-82-2", "strokes": "12", "ucs": "4039"}], ["䁘", " ", "", "", ["to look at", "to see", "pretty eyes", "farsightedness (as a physical defect)", "hypermetropia", "to look from a distance", ""], {"jis213": "2-82-13", "strokes": "15", "ucs": "4058"}], ["䂓", " ", "", "", ["regulations", "laws", "rules", "customs or usages", "a pair of compasses", ""], {"halpern_kkd": "1516", "jis213": "2-82-25", "strokes": "12", "ucs": "4093"}], ["䄅", " ", "", "", ["to worship", "to honor by a rite or service", "to offer sacrifices", ""], {"jis213": "2-82-68", "strokes": "11", "ucs": "4105"}], ["䅏", " ", "", "", ["rice boiled to gruel", "congee", "porridge", ""], {"jis213": "2-82-87", "strokes": "12", "ucs": "414F"}], ["䅣", " ", "", "", ["a variety of panicled millet", "a small coarse grain resembling sorghum", ""], {"jis213": "2-82-93", "strokes": "14", "ucs": "4163"}], ["䆴", " ", "", "", ["(abbreviated form)", ""], {"jis213": "2-83-19", "strokes": "16", "ucs": "41B4"}], ["䆿", " ", "", "", ["to talk in sleep", "somniloquy", ""], {"jis213": "2-83-23", "strokes": "19", "ucs": "41BF"}], ["䇦", " ", "", "", ["a kind of bamboo", "colorless bamboo", "bamboo shoot", ""], {"jis213": "2-83-39", "strokes": "11", "ucs": "41E6"}], ["䇮", " ", "", "", ["a bamboo mat used in ancient times", "a sleeping mat", ""], {"jis213": "2-83-43", "strokes": "12", "ucs": "41EE"}], ["䇳", " ", "", "", ["a memoradum tablet", "slip of paper", "fancy notepaper", "a note", "a document", ""], {"halpern_kkd": "3324", "jis213": "2-83-40", "strokes": "12", "ucs": "41F3"}], ["䈇", " ", "", "", ["a cover", "a shade", "a basket used to catch fish", ""], {"jis213": "2-83-51", "strokes": "14", "ucs": "4207"}], ["䈎", " ", "", "", ["a leaf", "the page of a book", "a leaf of a door", "a lobe of the lungs or liver", ""], {"jis213": "2-83-55", "strokes": "15", "ucs": "420E"}], ["䉤", " ", "", "", ["a bamboo ware for washing rice", "a measuring unit used in ancient times", "equal to 16 Chinese peck", ""], {"jis213": "1-89-77", "strokes": "19", "ucs": "4264"}], ["䋖", " ", "", "", ["long", "a gown", "a long dress", ""], {"jis213": "2-84-22", "strokes": "12", "ucs": "42D6"}], ["䋝", " ", "", "", ["a throat-band", "chin strap for holding the hat", "tassel", "a fringe", ""], {"jis213": "2-84-27", "strokes": "12", "ucs": "42DD"}], ["䌂", " ", "", "", ["in ancient times_ article for preparing the body for the coffin (something slipped on the hand of the dead)", ""], {"jis213": "2-84-46", "strokes": "15", "ucs": "4302"}], ["䌫", " ", "", "", ["a hawser", "a cable", "a rope", ""], {"jis213": "2-84-61", "nelson_c": "3629", "strokes": "22", "ucs": "432B"}], ["䍃", " ", "", "", ["a vase", "a pitcher", "earthenware", ""], {"jis213": "2-84-65", "strokes": "10", "ucs": "4343"}], ["䏮", " ", "", "", ["the sides of the trunk from armpits to ribs", "the flank", ""], {"jis213": "2-85-30", "nelson_c": "3756", "strokes": "13", "ucs": "43EE"}], ["䏰", " ", "", "", ["a kind of insects", "earthworm", "durable", "strong and soft", "pliable yet tough", ""], {"jis213": "2-85-34", "strokes": "14", "ucs": "43F0"}], ["䐈", " ", "", "", ["a piece of one foot two inches dried seasoned meat", "to paste up", "to attach to", "to stick up", "to glue", "rotten fat", "grease_ lard_ etc.", "bowels", ""], {"jis213": "2-85-40", "strokes": "15", "ucs": "4408"}], ["䐗", " ", "", "", ["a pig", "the belly", "the abdomen", ""], {"jis213": "2-85-42", "strokes": "16", "ucs": "4417"}], ["䐜", " ", "", "", ["a swelled belly", "drop-sical", "to swell", "inflated", ""], {"jis213": "2-85-44", "strokes": "17", "ucs": "441C"}], ["䐢", " ", "", "", ["to wrinkle", "to contract", "beautiful", "elegant", "dried and seasoned meat", "excellent food", "delicacies", ""], {"jis213": "2-85-47", "strokes": "17", "ucs": "4422"}], ["䑓", " ", "", "", ["a lookout", "a tower", "a terrace", "a platform", "a stage", ""], {"jis213": "1-90-57", "strokes": "13", "ucs": "4453"}], ["䑛", " ", "", "", ["to lick", ""], {"halpern_kkd": "1696", "jis213": "1-90-58", "strokes": "11", "ucs": "445B"}], ["䑶", " ", "", "", ["sprightly boat", "light boat", ""], {"jis213": "2-85-76", "strokes": "14", "ucs": "4476"}], ["䑺", " ", "", "", ["a sail (of a boat)", ""], {"jis213": "2-85-78", "strokes": "15", "ucs": "447A"}], ["䒑", " ", "", "", ["grass", "straw", "herbs", "weeds", ""], {"jis213": "2-85-87", "strokes": "6", "ucs": "4491"}], ["䒳", " ", "", "", ["a flower", "a cluster of flowers", "a bud", "lobe of the ear", ""], {"jis213": "2-86-21", "strokes": "12", "ucs": "44B3"}], ["䔈", " ", "", "", ["lush growth of grass", "trees and fruits", ""], {"jis213": "2-86-57", "strokes": "16", "ucs": "4508"}], ["䔥", " ", "", "", ["common variety of artemisia", ""], {"jis213": "2-86-77", "strokes": "17", "ucs": "4525"}], ["䕃", " ", "", "", ["the shade of a tree", "to cover up", "to cover or screen", ""], {"halpern_kkd": "2997", "jis213": "2-86-78", "strokes": "18", "ucs": "4543"}], ["䖝", " ", "", "", ["insects", "worms", ""], {"jis213": "1-91-49", "strokes": "7", "ucs": "459D"}], ["䖸", " ", "", "", ["moth", ""], {"jis213": "2-87-47", "strokes": "13", "ucs": "45B8"}], ["䗥", " ", "", "", ["the solitary wasp", "lice on cattle", "a kind of gad-fly", ""], {"jis213": "2-87-76", "strokes": "17", "ucs": "45E5"}], ["䗪", " ", "", "", ["a kind of worm", "can be used in Chinese medicine", ""], {"jis213": "1-91-64", "strokes": "17", "ucs": "45EA"}], ["䘏", " ", "", "", ["sympathy", "pity", ""], {"jis213": "2-88-4", "strokes": "9", "ucs": "460F"}], ["䙁", " ", "", "", ["children's garments", "a mat for wrapping garments", ""], {"jis213": "2-88-26", "strokes": "14", "ucs": "4641"}], ["䙥", " ", "", "", ["shiny dresses", ""], {"jis213": "2-88-35", "strokes": "19", "ucs": "4665"}], ["䚡", " ", "", "", ["bones in a horn of cattle and goat", ""], {"jis213": "2-88-46", "strokes": "16", "ucs": "46A1"}], ["䚯", " ", "", "", ["to quell (uprising_ rebellion_ etc.) to punish (another nation_ etc.) by force of arms", "sound", "voice", "tone", ""], {"jis213": "2-88-51", "strokes": "9", "ucs": "46AF"}], ["䜌", " ", "", "", ["chaos", "distraction", "confusion", "confused", "continuous", "uninterruptedto tie together", "to manage", ""], {"jis213": "2-88-75", "strokes": "19", "ucs": "470C"}], ["䝤", " ", "", "", ["a primitive tribe in southwest China", "nocturnal hunting", ""], {"jis213": "2-89-9", "strokes": "19", "ucs": "4764"}], ["䟽", " ", "", "", ["scattered or dispersed", ""], {"jis213": "2-89-31", "strokes": "14", "ucs": "47FD"}], ["䡎", " ", "", "", ["a windlass", "a pulley", "a capstan", ""], {"jis213": "2-89-60", "strokes": "11", "ucs": "484E"}], ["䢵", " ", "", "", ["name of an old country in today's Hubei province", "name of a place in today's Jiangsu province", ""], {"jis213": "2-90-7", "strokes": "11", "ucs": "48B5"}], ["䦰", " ", "", "", ["lots", "to draw lots", ""], {"jis213": "1-93-56", "strokes": "19", "ucs": "49B0"}], ["䧧", " ", "", "", ["high mountains", "steep", "lofty", ""], {"jis213": "2-91-74", "strokes": "21", "ucs": "49E7"}], ["䧺", " ", "", "", ["the male of birds", ""], {"jis213": "2-91-80", "strokes": "13", "ucs": "49FA"}], ["䨄", " ", "", "", ["quail", ""], {"jis213": "2-91-85", "strokes": "19", "ucs": "4A04"}], ["䨩", " ", "", "", ["the spirit", "the soul", "divine", "super-natural", ""], {"jis213": "2-91-88", "strokes": "18", "ucs": "4A29"}], ["䪼", " ", "", "", ["the cheek-bone", "the malar bone", "the malar", ""], {"jis213": "2-92-23", "strokes": "14", "ucs": "4ABC"}], ["䬻", " ", "", "", ["to entertain a departing friend", "a parting present of food or money", ""], {"jis213": "2-92-53", "strokes": "15", "ucs": "4B3B"}], ["䯂", " ", "", "", ["numerous", "very many", "large group of horses traveling in a line", ""], {"jis213": "2-93-6", "strokes": "34", "ucs": "4BC2"}], ["䯊", " ", "", "", ["the pelvis", "bone stuck in the throat", "the kneecap", "patella", "the five lowest pieces of bone of the spinal column", ""], {"jis213": "2-93-8", "strokes": "15", "ucs": "4BCA"}], ["䯒", " ", "", "", ["the upper part of the shinbone", "or tibia", ""], {"jis213": "2-93-10", "strokes": "16", "ucs": "4BD2"}], ["䯨", " ", "", "", ["to rap", "to tap", "to beat", "big", "great", "large", "tall", "high", ""], {"jis213": "2-93-17", "strokes": "13", "ucs": "4BE8"}], ["䰗", " ", "", "", ["a lot", "a ticket", "to draw lots", ""], {"jis213": "1-94-30", "strokes": "20", "ucs": "4C17"}], ["䰠", " ", "", "", ["god", "spirit", "immortal", "mountain deity", ""], {"jis213": "2-93-31", "strokes": "16", "ucs": "4C20"}], ["䳄", " ", "", "", ["a kind of water bird", "with black color", "female", "woman-like", ""], {"jis213": "2-94-10", "strokes": "16", "ucs": "4CC4"}], ["䳑", " ", "", "", ["a pheasant-like bird", ""], {"jis213": "2-94-13", "strokes": "17", "ucs": "4CD1"}], ["䴇", " ", "", "", ["a second name for crane", "a small swan", "a second name for wagtail", ""], {"jis213": "2-94-43", "strokes": "24", "ucs": "4D07"}], ["䵷", " ", "", "", ["frog", "to make the noise of vomitting", ""], {"jis213": "2-94-64", "strokes": "19", "ucs": "4D77"}], ["丏", "ベン メン ", "みえぬ", "", ["parapet", "invisible", ""], {"jis213": "2-1-3", "moro": "21", "strokes": "4", "ucs": "4E0F"}], ["丩", "キュウ ", "まつわる", "", ["to join or connect the vine", ""], {"jis213": "2-1-5", "moro": "68", "strokes": "2", "ucs": "4E29"}], ["丬", " ", "", "", ["half of tree trunk", "rad. no. 90", ""], {"halpern_kkd": "3655", "jis213": "2-80-14", "strokes": "4", "ucs": "4E2C"}], ["么", "エウ YÊU, MA", "", "", ["interrogative particle", "repetition of a tune small", "tender", "Bé. Nhỏ mọn.", "Giản thể của chữ [幺].", "Giản thể của chữ [麼]."], {"jis213": "2-1-10", "moro": "121", "strokes": "3", "ucs": "4E48"}], ["亻", " NHÂN", "", "", ["radical number 9", "Một hình thức của bộ nhân [人]."], {"halpern_kkd": "4181", "halpern_njecd": "3373", "jis213": "2-1-21", "strokes": "2", "ucs": "4EBB"}], ["亼", "シュウ ジュウ ", "あつまる", "", ["to assemble. to gather together", ""], {"jis213": "2-1-23", "moro": "345", "strokes": "3", "ucs": "4EBC"}], ["仫", " ", "", "", ["tribe", ""], {"jis213": "2-1-27", "strokes": "5", "ucs": "4EEB"}], ["俦", " TRÙ", "", "", ["companion", "mate", "colleague", "Giản thể của chữ 儔"], {"jis213": "2-1-47", "strokes": "9", "ucs": "4FE6"}], ["俱", "ク CÂU", "ともに", "jinmeiyou", ["all", "together", "accompany", "Đều, cùng. Như phụ mẫu câu tồn [父母俱存] cha mẹ đều còn. Nguyễn Trãi [阮廌] : Câu độc sổ hàng thư [俱讀數行書] (Tặng hữu nhân [贈友人]) Cùng là người biết đọc mấy dòng sách."], {"grade": "9", "halpern_kkd": "125", "jis213": "1-14-1", "strokes": "10", "ucs": "4FF1"}], ["倂", "ヘイ TÍNH, TOÁN", "あわせる ならぶ しかし", "", ["combine", "Cùng, đều."], {"halpern_kkd": "142", "halpern_njecd": "126", "jis213": "1-14-28", "moro": "746", "nelson_c": "458", "nelson_n": "224", "strokes": "10", "ucs": "5002"}], ["傈", "リツ リチ ", "", "", ["tribe", ""], {"jis213": "2-1-73", "moro": "942", "strokes": "12", "ucs": "5088"}], ["傣", " THÁI", "", "", ["the Dai minority living in South China", "Tên một dân tộc ít người ở Trung Quốc. Thái tộc [傣族]  dân tộc Thái, ở tỉnh Vân Nam [雲南] Trung Quốc."], {"jis213": "2-1-72", "strokes": "12", "ucs": "50A3"}], ["傻", "サ SỎA, SỌA", "", "", ["foolish", "silly", "stupid", "an imbecile", "Ngớ ngẩn, khờ khạo. Như sọa khí [傻氣] ngốc ngếch.", "U mê, không biết cái gì cũng gọi là sọa."], {"jis213": "2-1-83", "moro": "1034", "strokes": "13", "ucs": "50BB"}], ["僳", " ", "", "", ["minority name", ""], {"jis213": "2-1-86", "strokes": "14", "ucs": "50F3"}], ["关", " QUAN, LOAN", "", "", ["frontier pass", "close", "relation", "Giản thể của chữ 關"], {"jis213": "2-3-8", "strokes": "6", "ucs": "5173"}], ["养", " DƯỠNG, DƯỢNG", "", "", ["raise", "rear", "bring up", "support", "Như chữ dưỡng [養].", "Giản thể của chữ 養"], {"jis213": "2-84-84", "strokes": "9", "ucs": "517B"}], ["凃", " ", "", "", ["mud", "surname", ""], {"jis213": "1-14-53", "strokes": "9", "ucs": "51C3"}], ["凊", "セイ SẢNH", "さむ.い すず.しい", "", ["surname", "Mát. Như đông ôn hạ sảnh [冬溫夏凊] mùa đông ấm áp mùa hè quạt mát."], {"jis213": "1-14-54", "moro": "1666", "strokes": "10", "ucs": "51CA"}], ["劄", "サツ トウ TRÁP", "さす かぎ かま", "", ["brief note", "official communique", "Thư tín hoặc công văn. Đồng nghĩa với chữ [札]. Như tráp tử [劄子] cái thẻ. Còn viết là [札子].", "Bút kí."], {"jis213": "2-3-29", "nelson_c": "706", "strokes": "14", "ucs": "5284"}], ["勐", "バウ ", "", "", ["imperial degree", "daoist magic", ""], {"jis213": "1-14-69", "moro": "2379", "strokes": "10", "ucs": "52D0"}], ["勻", "イン QUÂN", "すくない ひとしい", "", ["equal", "impartially", "uniform", "even", "Đều. Như điều quân [調勻] hòa đều."], {"jis213": "1-14-74", "moro": "2496", "strokes": "4", "ucs": "52FB"}], ["卧", " NGỌA", "", "", ["lie down", "crouch", "Giản thể của chữ 臥"], {"halpern_kkd": "1826", "jis213": "2-3-52", "moro": "2808", "strokes": "8", "ucs": "5367"}], ["卺", "キン CẨN", "さかずき", "", ["(nuptial) winecups", "Lấy quả bầu tiện làm chén uống rượu để dùng trong lễ cưới gọi là chén cẩn. Tục gọi lễ vợ chồng làm lễ chuốc rượu với nhau gọi là lễ hợp cẩn [合卺] là bởi nghĩa đó."], {"jis213": "2-3-54", "moro": "2864", "nelson_c": "807", "strokes": "8", "ucs": "537A"}], ["卽", "ソク ショク TỨC", "つく すなわち もし", "jinmeiyou", ["promptly", "Tới, gần. Như khả vọng nhi bất khả tức [可望而不可卽] khá trông mà chẳng khá tới gần.", "Ngay. Như lê minh tức khởi [黎明卽起] sáng sớm dậy ngay, tức khắc [卽刻] ngay lập tức, v.v.", "Tức là. Như sắc tức thị không [色卽是空] sắc tức là không, ý nói hai bên như một.", "Dù, nhời nói ví thử. Như thiện tức vô thưởng, diệc bất khả bất vi thiện [善卽無賞亦不可不為善] làm thiện dù chưa được thưởng, cũng phải làm thiện. Thường viết là [即]."], {"grade": "10", "halpern_kkd": "1840", "halpern_njecd": "1450", "jis213": "1-14-81", "moro": "2872", "nelson_c": "811", "nelson_n": "639", "strokes": "9", "ucs": "537D"}], ["吒", "タ TRÁ", "", "", ["shout", "roar", "bellow", "scold", "Cũng như chữ trá [咤]. Như sất trá [叱吒] quát thét.", "Dị dạng của chữ [咤]."], {"jis213": "1-14-85", "moro": "3302", "strokes": "6", "ucs": "5412"}], ["吞", "ドン トン テン THÔN", "のむ", "jinmeiyou", ["swallow", "absorb", "annex", "engulf", "Nuốt, ăn không nhai cứ nuốt ngay xuống gọi là thôn.", "Diệt mất. Đánh lấy đất nước người ta thu làm đất nước mình gọi là tinh thôn [并吞]. Cũng viết là [併吞]."], {"grade": "9", "halpern_kkd": "3059", "jis213": "1-47-94", "moro": "3329", "strokes": "7", "ucs": "541E"}], ["呕", " ẨU", "", "", ["vomit", "annoy", "enrage", "Giản thể của chữ 嘔"], {"jis213": "2-3-68", "strokes": "7", "ucs": "5455"}], ["呬", "キ チ レイ リョウ ", "いき いこう", "", ["to rest", ""], {"jis213": "2-3-75", "moro": "3447", "strokes": "8", "ucs": "546C"}], ["咊", "ワ ", "", "", ["harmony", "peace", "conciliation", "to be on good terms with", "kindly", "mild", ""], {"halpern_kkd": "327", "jis213": "2-3-76", "moro": "3489", "strokes": "8", "ucs": "548A"}], ["咠", "シュウ ユウ ", "ささやく そしる", "", ["to whisper. to blame to slander", ""], {"jis213": "2-3-79", "moro": "3527", "strokes": "9", "ucs": "54A0"}], ["啽", "ガン ゴン ", "いびき とじる", "", ["to speak", ""], {"jis213": "2-4-11", "moro": "3889", "strokes": "12", "ucs": "557D"}], ["嗝", "カク キャク ", "しゃくり", "", ["cackling of fowls to gag", "to vomit", ""], {"jis213": "2-4-23", "moro": "4097", "strokes": "13", "ucs": "55DD"}], ["嘨", "ショウ シツ シュウ ", "うそぶく もぐぶく", "", ["roar", "howl", "scream", "whistle", ""], {"jis213": "2-4-28", "strokes": "15", "ucs": "5628"}], ["噓", "キョ HƯ", "ふく うそ", "", ["exhale", "blow out", "deep sigh", "hiss", "praise", "flatter", "lie", "Hà hơi ra se sẽ.", "Thở dài."], {"halpern_kkd": "880", "jis213": "1-84-07", "moro": "4206", "strokes": "14", "ucs": "5653"}], ["噶", "カツ カチ CÁT", "", "", ["used in transliterations", "Tên đất."], {"jis213": "1-15-20", "moro": "4426", "strokes": "16", "ucs": "5676"}], ["嚲", "タ ĐẢ", "", "", ["read aloud", "recite", "chant", "droop", "Tả cái dáng lả xuống, rủ xuống."], {"jis213": "2-4-50", "moro": "4585", "strokes": "20", "ucs": "56B2"}], ["埗", " ", "", "", ["a wharf", "dock", "jetty", "a trading center", "port", "place name", ""], {"jis213": "2-4-81", "strokes": "10", "ucs": "57D7"}], ["增", "ゾウ ソウ TĂNG", "ます ふえる ふやす", "jinmeiyou", ["increase", "add to", "augment", "Thêm. Như nguyên cảo tăng san nhuận sức nhi thành [原稿增删潤飾而成] (từ) nguyên cảo thêm bớt nhuận sắc mà thành."], {"grade": "10", "halpern_kkd": "889", "halpern_njecd": "721", "jis213": "1-15-61", "moro": "5454", "nelson_c": "1137", "nelson_n": "1089", "strokes": "15", "ucs": "589E"}], ["壠", "ロウ ", "", "", ["mound", "grave", "ridge in field", ""], {"jis213": "1-15-69", "moro": "5592", "nelson_c": "1155", "strokes": "19", "ucs": "58E0"}], ["复", " PHỤC, PHÚC, PHÚ, PHỨC", "", "", ["return", "repeat", "repeatedly", "Giản thể của chữ [復].", "Giản thể của chữ [複].", "Giản thể của chữ [覆]."], {"jis213": "2-5-27", "strokes": "9", "ucs": "590D"}], ["姸", "ケンゲン NGHIÊN", "うつくしい", "", ["beautiful", "Tươi tỉnh, xinh đẹp."], {"jis213": "1-94-90", "moro": "5863", "strokes": "8", "ucs": "59F8"}], ["寎", "ヘイ ケイ ", "おびえる おそわれる ねいる", "", ["drowsy", ""], {"jis213": "2-8-6", "moro": "7233", "strokes": "12", "ucs": "5BCE"}], ["寬", "カン KHOAN", "ひろい ゆるやか くつろぐ", "jinmeiyou", ["broad", "wide", "spacious", "vast", "Nhà rộng, phàm vật gì đựng chứa còn có chỗ rộng thừa thãi đều gọi là khoan.", "Khoan thai, rộng rãi. Nguyễn Trãi [阮廌] : Càn khôn đáo xứ giác tâm khoan [乾坤到處覺心寬] (Hải khẩu dạ bạc hữu cảm [海口夜泊有感]) Trong trời đất, đến đâu cũng ung dung thư thái.", "Bề rộng, chiều rộng.", "Tha. Như khoan kì kí vãng [寬其既往] tha cho điều lỗi đã làm rồi."], {"grade": "10", "halpern_kkd": "2965", "jis213": "1-47-58", "moro": "7322", "nelson_c": "1328", "nelson_n": "1355", "strokes": "15", "ucs": "5BEC"}], ["尃", "フ ホ ", "しく あまねし もと はらう", "", ["to state to", "to announce", ""], {"jis213": "2-8-13", "moro": "7433", "strokes": "10", "ucs": "5C03"}], ["尒", "ジ ニ NHĨ", "しかり わける なんじ ちかい", "", ["you", "your", "Nguyên là chữ nhĩ [爾]."], {"halpern_kkd": "2491", "jis213": "1-47-59", "moro": "7477", "nelson_c": "354", "strokes": "5", "ucs": "5C12"}], ["岧", "テウ デウ THIỀU", "", "", ["peak", "cliff", "precipice", "Thiều nghiêu [岧嶢] cao chót vót."], {"jis213": "2-8-36", "moro": "7981", "strokes": "8", "ucs": "5CA7"}], ["岭", "レイ LĨNH", "", "", ["mountain ridge", "mountain peak", "Giản thể của chữ 嶺"], {"jis213": "2-8-38", "moro": "7993", "strokes": "8", "ucs": "5CAD"}], ["崐", "コン ", "", "", ["Kunlun mountains in Jiangsu", ""], {"jis213": "2-8-45", "moro": "8172", "strokes": "11", "ucs": "5D10"}], ["崠", "トウ ツ ", "", "", ["place name in Guangxi province", ""], {"jis213": "2-8-48", "moro": "8200", "strokes": "11", "ucs": "5D20"}], ["嵇", "ケイ ゲイ KÊ", "", "", ["mountain in Henan", "surname", "Tên núi.", "Tên họ. Như Kê Khang [嵇康] (233-262)."], {"jis213": "1-47-84", "moro": "8273", "strokes": "12", "ucs": "5D47"}], ["嶗", " ", "", "", ["Laoshan", "mountain in Shandong", ""], {"jis213": "2-8-65", "moro": "8475", "strokes": "15", "ucs": "5D97"}], ["巢", " SÀO", "", "jinmeiyou", ["nest", "living quarter in tree", "Tổ, tổ chim gọi là sào.", "Chỗ trộm cướp tụ họp gọi là tặc sào [賊巢] ổ giặc, hay sào huyệt [巢穴] hang tổ giặc, v.v."], {"grade": "10", "halpern_kkd": "2867", "halpern_njecd": "2299", "jis213": "1-84-8", "moro": "8696", "nelson_c": "1449", "nelson_n": "1531", "strokes": "11", "ucs": "5DE2"}], ["幷", "ヘイ ヒョウ TINH, BÌNH", "あわせる ならぶ", "", ["combine", "Hợp, gồm.", "Tên đất. Dao ở Tinh Châu [幷州] sắc có tiếng, nên sự gì làm được mau mắn nhanh chóng gọi là tinh tiễn [幷剪].", "Một âm là bình, cùng nghĩa như chữ bình [偋]."], {"jis213": "1-94-92", "moro": "9175", "strokes": "6", "ucs": "5E77"}], ["庹", " ", "", "", ["the length of one's two outstretched arms", ""], {"jis213": "2-12-6", "moro": "9381", "strokes": "11", "ucs": "5EB9"}], ["廹", " ", "", "", ["to persecute", "to oppress in difficulties", "embarrassed", ""], {"jis213": "1-84-16", "strokes": "8", "ucs": "5EF9"}], ["廽", "カイ エ ", "まわす まわる かえる めぐる", "", ["return", "turn around", "a time", ""], {"halpern_kkd": "3847", "jis213": "2-12-12", "moro": "9577", "strokes": "10", "ucs": "5EFD"}], ["开", " KHAI", "", "", ["open", "initiate", "begin", "start", "Giản thể của chữ [開]."], {"jis213": "1-84-17", "strokes": "4", "ucs": "5F00"}], ["徵", "チョウ チ TRƯNG, CHỦY, TRỪNG, CHINH", "しるし めす", "jinmeiyou", ["summon", "recruit", "musical note", "Vời. Như trưng tập [徵集] vời họp. Cứ sổ đinh mà bắt lính gọi là trưng binh [徵兵]. Nhà nước lấy lễ đón người hiền gọi là trưng tích [徵辟]. Người được đón mời gọi là trưng quân [徵軍].", "Chứng cớ. Như kỷ bất túc trưng dã [杞不足徵也] nước Kỷ chẳng đủ làm chứng vậy. Nay gọi người nào có tướng thọ là thọ trưng [壽徵] là theo nghĩa ấy.", "Thành. Nên đưa lễ cưới để xin gọi là nạp trưng [納徵] nghĩa là nộp của cho thành lễ cưới vậy.", "Thu. Như trưng phú [徵賦] thu thuế.", "Hỏi.", "Một âm là chủy. Một thứ tiếng trong năm tiếng, cung [宮], thương [商], giốc [角], chủy [徵], vũ [羽].", "Lại một âm là trừng. Cùng nghĩa với chữ trừng [懲].", "Dị dạng của chữ [征]."], {"grade": "10", "halpern_kkd": "895", "halpern_njecd": "727", "jis213": "1-84-36", "moro": "10239", "nelson_c": "1635", "nelson_n": "1769", "strokes": "16", "ucs": "5FB5"}], ["德", "トク ĐỨC", "おしえ", "jinmeiyou", ["ethics", "morality", "virtue", "Đạo đức. Cái đạo để lập thân gọi là đức. Như đức hạnh [德行], đức tính [德性], v.v.", "Thiện. Làm thiện cảm hóa tới người gọi là đức chính [德政], đức hóa [德化].", "Ơn. Như túy tửu bão đức [醉酒飽德] ơn cho no say rồi, vì thế nên cảm ơn cũng gọi là đức.", "Cái khí tốt (vượng) trong bốn mùa. Như mùa xuân gọi là thịnh đức tại mộc [盛德在木], mùa hè gọi là thịnh đức tại hỏa [盛德在火], v.v. Tên nước Đức-ý-chí [德意志] thường gọi tắt là nước Đức."], {"grade": "10", "halpern_kkd": "896", "halpern_njecd": "729", "jis213": "1-84-37", "moro": "10243", "nelson_c": "1633", "nelson_n": "1770", "strokes": "16", "ucs": "5FB7"}], ["惮", " ĐẠN", "", "", ["dread", "shrink from", "shirk", "fear", "Giản thể của chữ [憚]."], {"jis213": "2-12-55", "strokes": "12", "ucs": "60EE"}], ["懵", " MỘNG", "", "", ["stupid", "ignorant", "dull", "Mộng đổng [懵懂] u mê, bối rối, tả cái dáng tâm không chủ định. Tục gọi người không hiểu biết rõ ràng là mộng đổng [懵懂], kẻ hiểu biết rõ ràng là đổng sự [懂事]."], {"jis213": "2-12-81", "moro": "11451", "strokes": "20", "ucs": "61F5"}], ["戾", "レイ ライ LỆ, LIỆT", "もどす もとる いたる", "", ["perverse", "recalcitrant", "rebellious", "Đến.", "Thôi, dừng lại.", "Định hẳn.", "Ngang trái. Như tính tình quai lệ [性情乖戾] tính tình ngang trái, bạo lệ [暴戾] hung ác, v.v.", "Tội. Như can lệ [干戾] phạm tội.", "Cong queo.", "Nhanh cứng.", "Một âm là liệt. Xoay lại."], {"halpern_kkd": "3718", "halpern_njecd": "2996", "jis213": "1-84-67", "moro": "11712", "nelson_n": "2052", "strokes": "8", "ucs": "623E"}], ["扡", " ", "", "", ["drag along", ""], {"jis213": "2-12-90", "moro": "11805", "strokes": "7", "ucs": "6261"}], ["扻", " ", "", "", ["to strike", "to run against to throw", "as a stone", ""], {"jis213": "2-12-92", "moro": "11847", "strokes": "8", "ucs": "627B"}], ["抅", " ", "", "", ["to collect", "to join together", ""], {"halpern_kkd": "303", "jis213": "1-84-72", "moro": "11865", "strokes": "8", "ucs": "6285"}], ["挲", " SA", "", "", ["to feel or fondle with the fingers", "Ma sa [摩挲] cọ sát, mài cọ."], {"jis213": "2-13-11", "moro": "12096", "strokes": "11", "ucs": "6332"}], ["揫", " THU", "", "", ["grasp with hand", "pinch", "Vun thu, tích góp."], {"jis213": "2-13-33", "moro": "12385", "strokes": "13", "ucs": "63EB"}], ["揭", "ケイ ケツ YẾT", "かかげる", "jinmeiyou", ["raise", "lift up", "surname", "Giơ cao, dựng lên. Như yết can khởi sự [揭竿起事] dựng cờ nổi lên.", "Bảo cho rõ. Như yết thị [揭示].", "Tỏ lộ, phơi ra.", "Gánh, vác.", "Tiêu chuẩn (làm mẫu mực)."], {"grade": "10", "halpern_kkd": "725", "halpern_njecd": "597", "jis213": "1-84-83", "moro": "12389", "nelson_n": "2216", "strokes": "13", "ucs": "63ED"}], ["揷", "ソウ SÁP", "さす にない とる", "", ["insert", "Một dị dạng của chữ [插]."], {"halpern_kkd": "728", "halpern_njecd": "599", "jis213": "2-13-28", "moro": "12346P", "strokes": "13", "ucs": "63F7"}], ["摹", " MÔ", "", "", ["trace", "copy", "duplicate", "pattern", "Mô phỏng, có cái mẫu để trông mà bắt chước gọi là mô. Như quy mô [規摹] khuôn mẫu cũ."], {"jis213": "1-84-88", "moro": "12645", "nelson_c": "4035", "sh_desc": "3k11.13", "strokes": "15", "ucs": "6479"}], ["攲", "キ KHI", "かたむ.く そばだ.てる そばだ.つ", "", ["up", "uneven", "Nghiêng lệch. Đặng Trần Côn [鄧陳琨] : Kỷ hồi minh nguyệt dạ đơn chẩm mấn tà khi [幾回明月夜單枕鬢斜攲] (Chinh Phụ ngâm [征婦吟]) mấy lần đêm trăng sáng, gối chiếc, mái tóc lệch. Đoàn Thị Điểm dịch thơ : Trăng khuya nương gối bơ phờ tóc mai."], {"jis213": "2-13-65", "moro": "13086", "nelson_c": "2041", "strokes": "12", "ucs": "6532"}], ["敄", " ", "", "", ["to put forth effort", ""], {"jis213": "2-13-66", "moro": "13160", "strokes": "9", "ucs": "6544"}], ["斵", " TRÁC", "", "", ["to cut to pieces", "to hack", "to chop or hew", "to carve for ornaments", "Cũng dùng như chữ trác [斲]."], {"jis213": "2-13-75", "moro": "13604", "strokes": "17", "ucs": "65B5"}], ["斸", " ", "", "", ["cut", ""], {"jis213": "2-13-76", "moro": "13619", "strokes": "25", "ucs": "65B8"}], ["旼", " ", "", "", ["gentle and affable", ""], {"jis213": "2-13-84", "moro": "13776", "strokes": "8", "ucs": "65FC"}], ["昺", " BÍNH", "", "", ["bright", "glorious", "brilliant", "Sáng sủa. Cũng như chữ bính [炳]."], {"jis213": "1-85-16", "moro": "13836", "strokes": "9", "ucs": "663A"}], ["晚", "バン VÃN", "くれ おそい", "jinmeiyou", ["night", "evening", "late", "Chiều.", "Muộn. Như vãn niên [晚年] lúc tuổi già, tuế vãn [歲晚] cuối năm, v.v.", "Sau, chậm. Như tương kiến hận vãn [相見恨晚] tiếc rằng biết nhau chậm quá. Kẻ tiến sau đối với kẻ tiến trước thì tự xưng là vãn sinh [晚生] nghĩa là kẻ làm nên sau, sinh sau vậy."], {"grade": "10", "halpern_kkd": "1197", "halpern_njecd": "959", "jis213": "1-85-28", "moro": "13940", "nelson_c": "2128", "nelson_n": "2466", "strokes": "11", "ucs": "665A"}], ["晥", " ", "", "", ["Anhui province", ""], {"jis213": "1-85-30", "moro": "13957", "strokes": "11", "ucs": "6665"}], ["曆", "レキ LỊCH", "こよみ", "jinmeiyou", ["calendar", "era", "Cái vòng của mặt trời, mặt trăng quay đi, người ta cứ theo sức quay của nó mà tính rồi định ra năm tháng thì tiết gọi là lịch pháp [曆法]. Lịch Tàu tính theo vòng mặt trăng quay quanh quả đất mà định tháng, định năm gọi là âm lịch [陰曆]. Lịch Tây tính theo vòng quả đất quay chung quanh mặt trời mà định năm tháng gọi là dương lịch [陽曆]. Vì kiêng tên vua Cao Tôn [高宗] nhà Thanh [清] là Lịch [曆] nên sau cứ viết là [歷]."], {"grade": "10", "halpern_kkd": "3751", "halpern_njecd": "3020", "jis213": "1-85-39", "moro": "14171", "nelson_c": "838", "nelson_n": "2512", "strokes": "16", "ucs": "66C6"}], ["朁", " ", "", "", ["if", "supposing", "nevertheless", ""], {"jis213": "2-14-23", "moro": "14302", "strokes": "12", "ucs": "6701"}], ["枒", " ", "", "", ["the coconut tree", "rim", ""], {"jis213": "2-14-40", "moro": "14542", "strokes": "8", "ucs": "6792"}], ["栘", " DI", "", "", ["fruit tree", "Tức là cây đường lệ[棠棣], theo truyền thuyết xưa."], {"jis213": "2-14-56", "moro": "14696", "strokes": "10", "ucs": "6818"}], ["栾", " LOAN", "", "", ["name of tree", "a part of cornice", "Giản thể của chữ 欒"], {"jis213": "2-14-62", "moro": "14751", "strokes": "10", "ucs": "683E"}], ["梐", " BỆ", "", "", ["fence", "Chu bệ [周梐] ngục tù."], {"jis213": "2-14-75", "moro": "14842", "strokes": "11", "ucs": "6890"}], ["梴", " ", "", "", ["long", ""], {"jis213": "2-14-84", "moro": "14887", "strokes": "11", "ucs": "68B4"}], ["棃", " LÊ", "", "", ["a pear", "Cây lê.", "Đường Minh Hoàng [唐明皇] có tài âm nhạc, chọn ba trăm con em nhà nghề vào dạy ở trong vườn lê, vì thế ngày nay mới gọi rạp hát tuồng là lê viên [棃園]. Tục viết là [梨].", "Giả."], {"halpern_kkd": "3459", "jis213": "2-14-90", "moro": "14912", "strokes": "12", "ucs": "68C3"}], ["槩", " KHÁI", "", "", ["generally", "approximately", "Cũng như chữ khái [概]."], {"jis213": "1-86-3", "moro": "15363", "strokes": "14", "ucs": "69E9"}], ["槪", "ガイ カイ ", "とかき おおむね おもむき", "", ["generally", "approximately", ""], {"halpern_kkd": "1371", "halpern_njecd": "1068", "jis213": "1-86-04", "moro": "15364P", "nelson_n": "2861", "strokes": "15", "ucs": "69EA"}], ["樳", " ", "", "", ["tall tree", ""], {"jis213": "2-15-48", "moro": "15487", "strokes": "16", "ucs": "6A33"}], ["橫", "オウ コウ HOÀNH, HOẠNH, QUÁNG", "よこ よこたわる よこたえる", "jinmeiyou", ["across", "horizontal", "lateral", "Ngang, trái với tiếng dọc. Đời Chiến quốc [戰國] có nhà học về lối kết liên sáu nước để chống với nước Tần [秦] gọi là tung hoành gia [縱橫家].", "Bên cạnh. Như hoành xuất [橫出] đâm chạnh mọc ngang ra.", "Cầm ngang. Như hoành đao [橫刀] cầm ngang dao.", "Một âm là hoạnh. Ngang ngạnh. Như hoạnh hành [橫行] làm ngang trái, hoạnh nghịch [橫逆] ngang ngược, v.v.", "Lại một âm là quáng. Hăng hái."], {"grade": "10", "halpern_kkd": "1372", "halpern_njecd": "1080", "jis213": "1-86-16", "moro": "15594", "nelson_c": "2361", "nelson_n": "2857", "strokes": "16", "ucs": "6A6B"}], ["檔", " ĐƯƠNG, ĐÁNG", "", "", ["shelf", "frame", "crosspiece", "Cái phản.", "Một âm là đáng. Bản án bằng gỗ mỏng viết văn tự vào đấy, khi nhiều thì xâu dây vào lỗ treo lên tường để lưu lại gọi là đáng án [檔案]."], {"jis213": "1-86-20", "moro": "15665", "strokes": "17", "ucs": "6A94"}], ["櫳", " LONG", "", "", ["cage", "pen", "set of bars", "Cửa mạch, cửa sổ.", "Cái lồng, cái cũi, nay thông dụng chữ lung [籠]."], {"jis213": "2-15-78", "moro": "15868", "strokes": "20", "ucs": "6AF3"}], ["步", "ホ ブ フ BỘ", "あるく あゆむ あゆみ", "jinmeiyou", ["step", "pace", "walk", "stroll", "Đi bộ, hai lần cất chân đi gọi là bộ. Giữa khoảng hai chân cách nhau gọi là nhất bộ [一步] một bước. Hậu Hán thư chép rằng : Thọ Lăng Dư Tử [壽陵餘子] học đi ở Hàm Đan  [邯鄲], chưa bắt chước được tí gì đã mất cả dáng dấp cũ, vì thế nên sau mới gọi những kẻ học không thành công là hàm đan học bộ [邯鄲學步].", "Trình độ, cõi. Như tiến bộ [進步] tiến lên cõi hơn, thoái bộ [退步] sụt xuống cõi kém.", "Lối đi. Như cải ngọc cải bộ [改玉改步] nghĩa là thiên tử, chư hầu đều có phép nhất định không thể thay đổi được, vì thế các ngôi của thiên tử gọi là ngọc bộ [玉步].", "Bộ, tiếng dùng trong phép đo. Cứ năm thước là một bộ.", "Bãi ven nước. Như qua châu [瓜州] cũng là qua bộ [瓜步], thông dụng như chữ phụ [埠].", "Vận. Như quốc bộ gian nan [國步艱難] vận nước gian nan.", "Suy tính. Như thôi bộ [推步] suy tính thiên văn.", "Theo. Như bộ vận [步韻] theo vần."], {"grade": "10", "halpern_kkd": "3051", "halpern_njecd": "2399", "jis213": "1-86-35", "moro": "16264", "nelson_c": "2431", "nelson_n": "2957", "strokes": "7", "ucs": "6B65"}], ["歷", " LỊCH", "", "jinmeiyou", ["take place", "past", "history", "Trải qua. Như kinh lịch [經歷] trải qua, duyệt lịch [閱歷] từng trải, v.v.", "Cùng một nghĩa với chữ lịch [曆].", "Thứ tới, thứ đến.", "Hết.", "Vượt qua.", "Khắp, rõ ràng, rành mạch.", "Thưa. Như lịch xỉ [歷齒] răng thưa."], {"grade": "10", "halpern_kkd": "3752", "halpern_njecd": "3021", "jis213": "1-86-37", "moro": "16340", "nelson_c": "837", "nelson_n": "2965", "strokes": "16", "ucs": "6B77"}], ["歺", " ", "", "", ["vicious", "depraved", "bad", ""], {"jis213": "2-15-93", "moro": "16362", "strokes": "5", "ucs": "6B7A"}], ["殁", "ボツ モチ MỘT", "しぬ", "", ["die", "death", "dead", "Giản thể của chữ 歿"], {"jis213": "2-15-94", "moro": "16386", "strokes": "8", "ucs": "6B81"}], ["毈", " ĐOẠN", "", "", ["fertile eggs", "Trứng ung, trứng ấp không nở gọi là đoạn."], {"jis213": "2-78-7", "moro": "16681", "strokes": "16", "ucs": "6BC8"}], ["每", "マイ バイ MỖI, MÔI", "つね", "jinmeiyou", ["every", "each", "Thường. Như mỗi mỗi như thử [每每如此] thường thường như thế.", "Các, mỗi. Như mỗi nhân [每人] mỗi người, mỗi nhật [每日] mỗi ngày, v.v.", "Một âm là môi. Như môi môi [每每] ruộng ngon, ruột tốt."], {"grade": "10", "halpern_kkd": "2542", "halpern_njecd": "2048", "jis213": "1-86-42", "moro": "16725", "strokes": "7", "ucs": "6BCF"}], ["毗", " BÌ, TÌ", "", "", ["help", "assist", "connect", "adjoin", "Giúp.", "Gồm, đất liền tiếp nhau gọi là bì liên [毗連]. Có khi viết là [毘].", "Bì ni [毗尼] dịch âm tiếng Phạn, nghĩa là giới luật.", "Bì Lư [毗盧] tên một vị Phật. Ta quen đọc là chữ tì."], {"halpern_kkd": "1452", "jis213": "1-86-44", "moro": "16752", "strokes": "9", "ucs": "6BD7"}], ["氊", " ", "", "", ["felt", "coarse fabrics use for rugs", "carpets", "wrappers etc.", ""], {"jis213": "2-78-15", "moro": "16983", "strokes": "17", "ucs": "6C0A"}], ["沄", " ", "", "", ["billows", ""], {"jis213": "2-78-25", "moro": "17185", "strokes": "8", "ucs": "6C84"}], ["沪", " HỖ", "", "", ["filter", "Shanghai", "river near Shanghai", "Giản thể của chữ 滬"], {"jis213": "1-86-51", "strokes": "8", "ucs": "6CAA"}], ["沭", " THUẬT", "", "", ["river in Shantung", "Sông Thuật."], {"jis213": "2-78-31", "moro": "17237", "strokes": "9", "ucs": "6CAD"}], ["泭", " ", "", "", ["a raft", ""], {"jis213": "2-78-40", "moro": "17321", "strokes": "9", "ucs": "6CED"}], ["泻", " TẢ", "", "", ["drain off", "leak", "flow", "pour down", "Giản thể của chữ 瀉"], {"jis213": "1-86-58", "strokes": "9", "ucs": "6CFB"}], ["洤", " ", "", "", ["a fountain or spring", ""], {"jis213": "2-78-44", "moro": "17395", "strokes": "10", "ucs": "6D24"}], ["洴", " BÌNH", "", "", ["sound", "Bình phích [洴澼] tiếng giặt sợi trên mặt nước."], {"jis213": "2-78-69", "moro": "17415", "strokes": "10", "ucs": "6D34"}], ["涉", "ショウ THIỆP", "わたる かかわる", "jinmeiyou", ["ford stream", "wade across", "Lội. Lội qua sông gọi là thiệp [涉], qua bãi cỏ gọi là bạt [跋], vì thế đi đường khó nhọc gọi là bạt thiệp [跋涉] lặn lội.", "Sự gì có quan hệ liên lạc với nhau gọi là thiệp. Như giao thiệp [交涉], can thiệp [干涉], v.v.", "Sự gì không quan thiệp đến gọi là vô thiệp [無涉]."], {"grade": "10", "halpern_kkd": "538", "halpern_njecd": "451", "jis213": "1-86-76", "moro": "17530", "nelson_c": "2555", "nelson_n": "3136", "strokes": "11", "ucs": "6D89"}], ["涊", " NIỄN", "", "", ["dirt", "Điến niễn [淟涊] vẩn đục, dơ dáy.", "Niễn nhiên [涊然] nhớm nhớp mồ hôi ra."], {"jis213": "2-78-56", "moro": "17532", "strokes": "11", "ucs": "6D8A"}], ["涮", " ", "", "", ["rinse", "cook or boil in juice", ""], {"jis213": "2-78-66", "moro": "17580", "strokes": "12", "ucs": "6DAE"}], ["淚", "ルイ レイ LỆ", "なみだ", "jinmeiyou", ["tears", "weep", "cry", "Nước mắt.", "Dị dạng của chữ [泪]."], {"grade": "10", "halpern_kkd": "646", "halpern_njecd": "531", "jis213": "1-86-83", "moro": "17644", "nelson_c": "2578", "nelson_n": "3161", "strokes": "12", "ucs": "6DDA"}], ["渗", "シン SẤM", "しみる", "", ["soak through", "infiltrate", "Giản thể của chữ 滲"], {"halpern_kkd": "649", "jis213": "2-78-61", "strokes": "12", "ucs": "6E17"}], ["渴", "カツ KHÁT, KIỆT", "かわく かわき", "jinmeiyou", ["thirsty", "parched", "yearn", "pine", "Khát nước. Như giải khát [解渴] uống để hết khát.", "Kíp, nóng sốt nồng nàn, cấp thiết. Như khát mộ [渴慕] hâm mộ sốt sắng, có ý muốn được ngay không đợi lâu được.", "Một âm là kiệt. Cạn."], {"grade": "10", "halpern_kkd": "753", "halpern_njecd": "616", "jis213": "1-86-88", "moro": "17788", "nelson_c": "2608", "nelson_n": "3208", "strokes": "13", "ucs": "6E34"}], ["溫", "オン ウン ÔN, UẨN", "あたたか あたためる", "jinmeiyou", ["lukewarm", "warm", "tepid", "mild", "Ấm (vừa phải, dễ chịu).", "Hâm nóng vật lạnh mà làm cho nong nóng gọi là ôn.", "Ôn lại (nhắc lại sự đã qua).", "Ôn hòa, lấy lời nói ngọt ngào mà yên ủi người gọi là ôn ngữ [溫語], cùng hỏi thăm nhau gọi là hàn ôn [寒溫].", "Bệnh ôn, bệnh sốt lây ra người khác gọi là ôn.", "Một âm là uẩn. Cùng nghĩa với chữ uẩn [蘊]."], {"grade": "10", "halpern_kkd": "821", "halpern_njecd": "668", "jis213": "1-86-92", "moro": "17968", "nelson_c": "2638", "nelson_n": "3251", "strokes": "14", "ucs": "6EAB"}], ["溴", " XÚ", "", "", ["bromine", "Hơi nước. 2  : Chất xú bromine, một nguyên chất loài phi kim."], {"jis213": "2-79-3", "moro": "17981", "strokes": "14", "ucs": "6EB4"}], ["滙", " HỐI", "", "", ["waters converging to one spot", "whirling waters", "Cũng như chữ hối [匯]."], {"jis213": "2-79-7", "moro": "18062", "strokes": "14", "ucs": "6ED9"}], ["潠", " ", "", "", ["to blow out", "to puff out", ""], {"jis213": "2-79-22", "moro": "18248", "strokes": "16", "ucs": "6F60"}], ["澾", " ", "", "", ["slippery", "smooth", ""], {"jis213": "2-79-28", "moro": "18434", "strokes": "17", "ucs": "6FBE"}], ["瀨", "ライ LẠI", "せ", "jinmeiyou", ["swift current", "rapids", "Nước chảy trên cát.", "Chảy xiết."], {"grade": "10", "halpern_kkd": "997", "halpern_njecd": "808", "jis213": "1-87-30", "moro": "18672", "nelson_n": "3385", "strokes": "20", "ucs": "7028"}], ["瀺", " ", "", "", ["sound", ""], {"jis213": "2-79-47", "moro": "18714", "strokes": "21", "ucs": "703A"}], ["灩", "エン DIỄM, LIỄM", "なみ", "", ["overflowing", "billowing", "wavy", "Liễm liễm [灩灩] nước động sóng sánh. Còn đọc là diễm.", "Liễm diễm [瀲灩]sóng nước lóng lánh.Tô Thức [蘇軾] : Thủy quang liễm diễm tình phương hảo [水光瀲灩晴方好] (Ẩm hồ thượng sơ tình hậu vũ [飲湖上初晴後雨]) Mặt nước sáng lóng lánh, mưa vừa tạnh, trông càng đẹp."], {"jis213": "2-79-55", "moro": "18846", "strokes": "32", "ucs": "7069"}], ["炻", " ", "", "", ["a kind of china", ""], {"jis213": "2-79-64", "strokes": "9", "ucs": "70BB"}], ["烬", "ジン TẪN", "", "", ["cinders", "ashes", "embers", "remnants", "Giản thể của chữ 燼"], {"jis213": "2-79-69", "strokes": "10", "ucs": "70EC"}], ["焮", "キン HÂN", "", "", ["heat", "radiate heat", "broil", "cauterize", "Hơ nóng, nướng. Nguyễn Trãi [阮廌] : Hân thương sinh ư ngược diễm, hãm xích tử ư họa khanh [焮蒼生於虐焰, 陷赤子於禍坑] Nướng dân đen trên ngọn lửa hung tàn, vùi con đỏ xuống dưới hầm tai vạ (Bình Ngô đại cáo [平呉大誥]).", "Mưng đỏ lên."], {"jis213": "1-87-48", "moro": "19137", "strokes": "12", "ucs": "712E"}], ["煑", "シャ ショ CHỬ", "にる にえる", "", ["cook", "Nấu, thổi."], {"jis213": "1-87-52", "nelson_c": "2775", "strokes": "13", "ucs": "7151"}], ["狀", "ジョウ TRẠNG", "", "jinmeiyou", ["form", "appearance", "shape", "official", "Hình trạng, dáng, tình hình. Như công trạng [功狀] công nghiệp và sự trạng, tội trạng [罪狀] tình hình tội, v.v.", "Hình dong ra. Như trạng từ [狀詞] lời nói hình dong tỏ rõ một sự gì.", "Bài trạng. Bài văn giải bày sự thực để kêu với thần thánh vua quan gọi là trạng.", "Cái đơn kiện cũng gọi là trạng."], {"grade": "10", "halpern_kkd": "1081", "halpern_njecd": "871", "jis213": "1-87-74", "moro": "20280", "nelson_n": "3557", "strokes": "9", "ucs": "72C0"}], ["猹", " ", "", "", ["wild animal mentioned in short story by Lu Xun", ""], {"jis213": "2-80-42", "strokes": "14", "ucs": "7339"}], ["玔", " ", "", "", ["green jade", ""], {"jis213": "2-80-59", "moro": "20844", "strokes": "8", "ucs": "7394"}], ["玨", " GIÁC", "", "", ["two pieces of jade joined together", "Hai hòn ngọc liền nhau gọi là giác (hạt ngọc kép)."], {"jis213": "2-80-64", "moro": "20871", "strokes": "9", "ucs": "73A8"}], ["璈", " NGAO", "", "", ["ancient musical instrument", "Một đồ âm nhạc ngày xưa."], {"jis213": "2-80-90", "moro": "21204", "strokes": "16", "ucs": "7488"}], ["璥", " ", "", "", ["a kind of jade", ""], {"jis213": "2-81-3", "moro": "21266", "strokes": "18", "ucs": "74A5"}], ["璺", " ", "", "", ["a crack", "as in porcelain", ""], {"jis213": "2-81-8", "moro": "21305", "strokes": "19", "ucs": "74BA"}], ["瓖", " ", "", "", ["inlay", ""], {"jis213": "2-81-9", "moro": "21350", "strokes": "22", "ucs": "74D6"}], ["甁", "ヘイ ビン BÌNH", "かめ", "", ["jug", "Cái bình, cái lọ, cái ống nhổ."], {"halpern_kkd": "1316", "halpern_njecd": "1041", "jis213": "1-88-39", "moro": "21537", "nelson_c": "2984", "nelson_n": "3700", "strokes": "13", "ucs": "7501"}], ["畬", "ヨ DƯ", "あらた", "", ["reclaimed field", "Ruộng ngon, ruộng khai khẩn tới hai năm rồi gọi là dư."], {"jis213": "2-81-29", "moro": "21860", "strokes": "12", "ucs": "756C"}], ["畲", "ヨ シャ ", "あらた やきた", "", ["to cultivate land by first setting fire to it", ""], {"jis213": "2-81-30", "moro": "21862", "strokes": "12", "ucs": "7572"}], ["瘘", " LŨ", "", "", ["fistula", "sore", "ulcer", "goiter", "Giản thể của chữ 瘻"], {"jis213": "2-81-57", "strokes": "14", "ucs": "7618"}], ["瘨", " ", "", "", ["mad", "ill", ""], {"jis213": "2-81-67", "moro": "22420", "strokes": "15", "ucs": "7628"}], ["皞", " HẠO", "", "", ["bright", "brilliant", "Cũng như chư hạo [皡]."], {"jis213": "1-88-67", "moro": "22771", "strokes": "15", "ucs": "769E"}], ["皡", " HẠO", "", "", ["bright", "brilliant", "Hạo hạo [皡皡] rộng rãi, nghênh ngang, lồng lộng. Tả cái dáng người rộng rãi tự đắc. Cũng như chữ hạo [皞]."], {"jis213": "2-81-80", "moro": "22771", "strokes": "16", "ucs": "76A1"}], ["睘", " ", "", "", ["round", "stare", ""], {"jis213": "2-82-5", "moro": "23432", "strokes": "13", "ucs": "7758"}], ["瞤", " ", "", "", ["to blink or twitch the eyes", ""], {"jis213": "2-82-17", "moro": "23671", "strokes": "17", "ucs": "77A4"}], ["瞩", " CHÚC", "", "", ["watch carefully", "stare at", "focus on", "Giản thể của chữ 矚"], {"jis213": "2-82-18", "moro": "23688", "strokes": "17", "ucs": "77A9"}], ["砬", " ", "", "", ["big stone", ""], {"jis213": "2-82-36", "moro": "24108", "strokes": "10", "ucs": "782C"}], ["硏", "ケン NGHIÊN, NGHIỄN", "とぐ みがく", "", ["grind", "Nghiền nhỏ.", "Nghiên cứu.", "Một âm là nghiễn. Cái nghiên mài mực."], {"halpern_kkd": "1506", "halpern_njecd": "1174", "jis213": "1-89-3", "moro": "24177", "nelson_c": "3187", "nelson_n": "4000", "strokes": "11", "ucs": "784F"}], ["礮", " PHÁO", "", "", ["ancient ballista for throwing heavy stones a cannon", "a gun", "Cái máy bắn đá, cái súng trái phá (đại bác)."], {"jis213": "1-89-16", "moro": "24580", "strokes": "21", "ucs": "792E"}], ["种", "チュウ CHỦNG, CHÚNG", "おさない", "", ["seed", "race", "breed", "to plant", "Giản thể của chữ [種]."], {"jis213": "2-82-82", "moro": "24942", "strokes": "9", "ucs": "79CD"}], ["窾", " KHOẢN", "", "", ["hole", "hallow", "empty", "Rỗng, chỗ hở. Như phê khước đạo khoản [批郤導窾] trúng vào giữa chỗ yếu hại (lỡ hở).", "Khô."], {"jis213": "2-83-22", "moro": "25655", "strokes": "17", "ucs": "7ABE"}], ["筹", " TRÙ", "", "", ["chip", "tally", "token", "raise money", "Giản thể của chữ 籌"], {"jis213": "2-83-45", "strokes": "13", "ucs": "7B79"}], ["篰", " ", "", "", ["a bamboo basket", ""], {"jis213": "2-83-67", "moro": "26390", "strokes": "17", "ucs": "7BF0"}], ["簞", "タン ĐAN", "はこ", "jinmeiyou", ["small bamboo basket for holding", "Cái giỏ, cái thùng tre. Luận ngữ [論語] : Hiền tai Hồi dã ! Nhất đan tự, nhất biều ẩm, tại lậu hạng, nhân bất kham kỳ ưu, Hồi dã bất cải kỳ lạc [賢哉回也! 一簞食, 一瓢飲, 在陋巷, 人不堪其憂, 回也不改其樂] (Ung dã [雍也]) Hiền thay, anh Hồi ! Một giỏ cơm, một bầu nước, ở ngõ hẻm, người khác ưu sầu không chịu nổi cảnh khốn khổ đó, anh Hồi thì vẫn không đổi niềm vui."], {"grade": "9", "halpern_kkd": "3381", "jis213": "1-89-73", "moro": "26509", "strokes": "18", "ucs": "7C1E"}], ["籯", " DOANH", "", "", ["bamboo chest", "tubular bamboo case", "Cái hòm đóng bằng tre. Hoàng kim mãn doanh, bất như nhất kinh [黃金滿籯，不如一經] vàng đầy rương không bằng một cuốn kinh sách."], {"jis213": "2-83-81", "moro": "26813", "strokes": "26", "ucs": "7C6F"}], ["綠", "リョク ロク LỤC", "みどり", "jinmeiyou", ["green", "chlorine", "Sắc xanh biếc, xanh mà lại lẫn cả sắc vàng gọi là lục. Nguyễn Trãi [阮 薦] : Vọng trung ngạn thảo thê thê lục [望中岸草萋萋綠] (Vân Đồn [雲 屯]) Trong tầm mắt thấy cỏ bên bờ sông xanh rờn.", "Một nguyên chất nhà hóa học tìm thấy ở loài phi kim chlorine, thành một chất hơi xanh vàng, mùi rất hăng rất độc, hít vào có thể hộc máu ra."], {"grade": "10", "halpern_kkd": "1748", "halpern_njecd": "1383", "jis213": "1-90-8", "moro": "27541", "nelson_n": "4529", "strokes": "14", "ucs": "7DA0"}], ["緖", "ショ チョ ", "お いとぐち", "jinmeiyou", ["end of thread", "thread", "clue", ""], {"grade": "10", "halpern_kkd": "1768", "halpern_njecd": "1399", "jis213": "1-90-12", "moro": "27633", "nelson_c": "3570", "nelson_n": "4535", "strokes": "15", "ucs": "7DD6"}], ["緣", "エン DUYẾN, DUYÊN", "ふち へり よる", "jinmeiyou", ["hem", "margin", "reason", "cause", "karma", "fate", "Đường viền áo.", "Một âm là duyên. Nhân, cái nhân kết thành cái gì gọi là duyên. Như duyên cố [緣故] duyên cớ. Nhà Phật [佛] cho vì nhân mà được quả là duyên. Như nhân duyên [因緣], duyên phận [緣分], v.v.", "Leo. Như duyên mộc cầu ngư [緣木求魚] leo cây tìm cá.", "Di duyên [夤緣] nương cậy, liên lạc. Cầu thân với nhà quyền quý cũng gọi là di duyên."], {"grade": "10", "halpern_kkd": "1763", "halpern_njecd": "1394", "jis213": "1-90-13", "moro": "27656", "nelson_n": "4554", "strokes": "15", "ucs": "7DE3"}], ["耂", " ", "", "", ["variant of radical 125", ""], {"halpern_kkd": "4282", "halpern_njecd": "3471", "jis213": "2-85-2", "strokes": "6", "ucs": "8002"}], ["聃", " ĐAM", "", "", ["ears without rims", "a personal name", "Tục dùng như chữ đam [耽].", "Lão Đam [老聃] tức Lão Tử [老子]."], {"jis213": "2-85-11", "moro": "29039", "strokes": "11", "ucs": "8043"}], ["肙", " ", "", "", ["a small worm", "to twist", "to surround", "empty", ""], {"jis213": "2-85-16", "moro": "29269", "strokes": "10", "ucs": "8099"}], ["肤", " PHU", "", "", ["skin", "superficial", "shallow", "Giản thể của chữ [膚]."], {"jis213": "2-85-18", "moro": "29289", "strokes": "11", "ucs": "80A4"}], ["胊", "ク グ キョウ コク ", "", "", ["yoke", ""], {"jis213": "1-90-42", "moro": "29360", "strokes": "12", "ucs": "80CA"}], ["胦", " ", "", "", ["the navel", ""], {"jis213": "2-85-25", "moro": "29408", "strokes": "12", "ucs": "80E6"}], ["脍", " QUÁI, KHOÁI", "", "", ["minced meat or fish", "Giản thể của chữ 膾"], {"jis213": "2-85-27", "strokes": "13", "ucs": "810D"}], ["臁", " ", "", "", ["calf", ""], {"jis213": "2-85-50", "moro": "29941", "strokes": "20", "ucs": "81C1"}], ["舄", "シャク サク セキ タク TÍCH", "かささぎ", "", ["a shoe", "the sole of a shoe", "magpie", "Tục dùng như chữ tích [舃]."], {"jis213": "2-85-62", "moro": "30206", "strokes": "12", "ucs": "8204"}], ["艗", " DẬT", "", "", ["bow of junk", "Thuyền. Xem nghịch thủ [鷁首]."], {"jis213": "2-85-79", "moro": "30509", "strokes": "16", "ucs": "8257"}], ["艹", " THẢO", "", "", ["grass", "radical number 140", "Một dạng của bộ thảo [艸]."], {"halpern_kkd": "4223", "halpern_njecd": "3415", "jis213": "2-85-86", "moro": "30639", "strokes": "6", "ucs": "8279"}], ["荣", " VINH", "", "", ["glory", "honor", "flourish", "prosper", "Một dạng của chữ vinh [榮].", "Giản thể của chữ [榮]."], {"halpern_kkd": "2815", "jis213": "2-14-42", "strokes": "12", "ucs": "8363"}], ["菡", " HẠM", "", "", ["buds", "lotus buds", "Hạm đạm [菡萏] hoa sen. Tên khác của hà hoa [荷花]."], {"jis213": "1-91-2", "moro": "31193", "strokes": "14", "ucs": "83E1"}], ["蔛", " ", "", "", ["a small orchid-like plant it bears white flowers a dendrobium", ""], {"jis213": "2-86-70", "moro": "31808", "strokes": "17", "ucs": "851B"}], ["蔾", " LÊ", "", "", ["kind of bramble", "Tật lê [蒺藜]. Xem chữ tật [蒺]."], {"jis213": "2-86-79", "moro": "31892", "strokes": "18", "ucs": "853E"}], ["薰", "クン HUÂN", "かおる かおりぐさ かおり", "jinmeiyou", ["a medicinal herb", "to cauterize", "Cỏ thơm. Ngày xưa đeo để trừ khí độc, tục gọi là cỏ bội lan [佩蘭]. Thứ mọc ở huyện Linh Lăng [零陵] lại càng tốt lắm, cho nên lại gọi là linh lăng hương [零陵香].", "Đầm ấm, vui hòa.", "Hun. Như thế lợi huân tâm [勢利薰心] thế lợi hun lòng, ý nói cái lòng lợi lộc nó bốc lên nóng như lửa hun vậy.", "Hơi thơm."], {"grade": "10", "halpern_kkd": "3018", "jis213": "1-91-32", "moro": "32192", "nelson_c": "4077", "nelson_n": "5226", "strokes": "20", "ucs": "85B0"}], ["藙", " ", "", "", ["dogwood", ""], {"jis213": "2-87-8", "moro": "32317", "strokes": "21", "ucs": "85D9"}], ["蘤", " HOA", "", "", ["flower", "blossoms", "Ngày xưa dùng như chữ hoa [花]."], {"jis213": "2-87-17", "moro": "32502", "strokes": "20", "ucs": "8624"}], ["虛", "キョ コ HƯ, KHƯ", "むなしい", "jinmeiyou", ["false", "worthless", "empty", "hollow", "Trống rỗng, vơi, hư hão. Trái lại với chữ thật [實]. Như hư tình [虛情] tình hão, hư tự [虛字] chữ không chỉ về nghĩa đích thực. Vì thế vật gì trong rỗng không cũng gọi là hư.", "Để trống. Như hư tả dĩ đãi [虛左以待] vẫn để trống bên trái để chờ (người hiền tài).", "Vơi, thiếu. Như doanh hư [盈虛] đầy vơi, thừa thiếu. Người nào khí huyết hư gọi là hư tổn [虛損].", "Khiêm hư, không có ý tự cho là đủ, còn cần phải học phải hỏi gọi là hư tâm [虛心] hay khiêm hư [謙虛]. Trang Tử [莊子] : Vô sở đắc văn chí giáo, cảm bất hư tâm [無所得聞至教，敢不虛心] Chưa được nghe lời chỉ giáo, dám đâu chẳng trống lòng (để học thêm).", "Trang sức hão. Như hư trương thanh thế [虛張聲勢] phô trương thanh thế hão.", "Không có thực dụng. Như hư văn [虛文] văn sức hão huyền.", "Không có kết quả cũng gọi là hư. Như thử nguyện cánh hư [此願竟虛] điều nguyện ấy lại hão cả, thử hành bất hư [此行不虛] chuyến đi này không phải là không có kết quả.", "Nói về phần tinh thần không chỉ ra được. Như nét vẽ vô tình mà có thần là hư thần [虛神]. Văn điểm một câu không vào đâu mà hay gọi là hư bút [虛筆].", "Khoảng trời không. Như lăng hư [淩虛] vượt lên trên không.", "Phàm sự gì không có nơi thiết thực đều gọi là hư. Như bộ hư [步虛] theo đuổi sự hão huyền, huyền hư [玄虛] huyền hoặc hư hão.", "Sao Hư, một ngôi sao trong nhị thập bát tú.", "Hốc, lỗ hổng.", "Một âm là khư. Cái gò lớn.", "Chỗ ở.", "Dị dạng của chữ [虚]."], {"grade": "10", "halpern_kkd": "4025", "halpern_njecd": "3243", "jis213": "1-91-46", "moro": "32709", "nelson_n": "5270", "strokes": "12", "ucs": "865B"}], ["蚝", " ", "", "", ["hairy and poisonous caterpillars", ""], {"jis213": "2-87-35", "moro": "32883", "strokes": "10", "ucs": "869D"}], ["蝼", " LÂU", "", "", ["a mole cricket", "Gryllotalpa africana", "Giản thể của chữ 螻"], {"jis213": "2-87-67", "moro": "33361", "strokes": "15", "ucs": "877C"}], ["蟥", " HOÀNG", "", "", ["leech", "Đỉa cộ."], {"jis213": "2-87-85", "moro": "33600", "strokes": "18", "ucs": "87E5"}], ["蟬", "セン ゼン THIỀN", "せみ", "jinmeiyou", ["cicada", "continuous", "Con ve sầu. Nguyễn Du : Hàn thiền chung nhật táo cao chi [寒蟬終日噪高枝] (Sơ thu cảm hứng [初秋感興]) Ve sầu lạnh suốt ngày kêu trên cành cao.", "Liền nối, liền nối không dứt gọi là thiền liên [蟬聯].", "Thiền quyên [蟬蜎] tươi đẹp."], {"grade": "9", "halpern_kkd": "1804", "jis213": "1-91-66", "moro": "33616", "strokes": "18", "ucs": "87EC"}], ["覀", " ", "", "", ["variant of radical 146", ""], {"halpern_kkd": "4335", "halpern_njecd": "3523", "jis213": "2-88-37", "strokes": "7", "ucs": "8980"}], ["訡", " ", "", "", ["to chant", "to moan", "to sigh", ""], {"jis213": "2-88-55", "moro": "35269", "strokes": "11", "ucs": "8A21"}], ["諐", " ", "", "", ["fault", ""], {"jis213": "1-92-10", "moro": "35650", "strokes": "15", "ucs": "8AD0"}], ["賴", "ライ LẠI", "たのむ たよる たより", "jinmeiyou", ["rely", "depend on", "accuse falsely", "Cậy nhờ. Như ỷ lại [倚賴] nương tựa nhờ vả không tự lo, ngưỡng lại [仰賴] trông cậy vào.", "Lợi. Như vô lại [無賴] không có ích lợi gì cho nhà, những kẻ dối trá giảo hoạt gọi là kẻ vô lại. Đỗ Phủ [杜甫] : Yết Hồ sự chúa chung vô lại [羯胡事主終無賴] (Vịnh hoài cổ tích [詠懷古跡]) Rợ Yết thờ chúa (phản phúc bất thường); cuối cùng không thể tin được.", "Chối, không nhận. Như để lại [抵賴] chối cãi.", "Có ý lần lữa cũng là lại.", "Lành. Như Mạnh Tử [孟子] nói : Phú tuế tử đệ đa lại [富歲子弟多賴] Năm được mùa con em phần nhiều hiền lành, ý nói no thì không cướp bóc.", "Lấy."], {"four_corner": "5798.6", "grade": "10", "halpern_kkd": "2042", "halpern_njecd": "1616", "jis213": "1-92-26", "moro": "36861", "nelson_c": "713", "nelson_n": "5818", "strokes": "16", "ucs": "8CF4"}], ["踌", " TRÙ", "", "", ["hesitate", "falter", "smug", "self-satisfied", "Giản thể của chữ 躊"], {"jis213": "2-89-30", "strokes": "14", "ucs": "8E0C"}], ["躶", " ", "", "", ["bare", "nude", "undress", "strip", ""], {"jis213": "2-89-55", "moro": "38099", "strokes": "15", "ucs": "8EB6"}], ["轊", " DUỆ", "", "", ["axle-tip", "Cái đầu trục xe."], {"jis213": "2-89-68", "moro": "38508", "strokes": "18", "ucs": "8F4A"}], ["郞", "ロウ LANG", "おとこ", "jinmeiyou", ["gentleman", "Một dạng của chữ lang [郎]."], {"grade": "10", "halpern_kkd": "1859", "halpern_njecd": "1467", "jis213": "1-92-71", "moro": "39431", "nelson_c": "4763", "nelson_n": "6139", "strokes": "14", "ucs": "90DE"}], ["鄕", "キョウ ゴウ HƯƠNG, HƯỚNG", "さと ふるさと さきに", "", ["country", "rural", "village", "Tục dùng như chữ hương [鄉]."], {"halpern_kkd": "829", "halpern_njecd": "673", "jis213": "1-92-76", "moro": "39571", "nelson_c": "4771", "strokes": "17", "ucs": "9115"}], ["酆", "フウ ホウ PHONG", "", "", ["name of Zhou period state", "Tên đất, chỗ vua Văn vương [文王] đóng đô ngày xưa, thuộc tỉnh Thiểm Tây [陝西], Trung Quốc, bây giờ. Ở Tứ Xuyên [四川] có huyện Phong Đô, ở đây có đền Phong Đô, là chỗ Am Tràng Sinh đời Hán tu đắc đạo, do đó tục mới tin lầm gọi cõi âm ty là phong đô thành [酆都城]."], {"jis213": "2-90-30", "moro": "39749", "strokes": "25", "ucs": "9146"}], ["釄", " MI", "", "", ["wine brew for the second time", "Đồ mi [酴釄] rượu đồ mi, rượu cổ lại, rượu cất lại. Cũng viết là [酴醾]."], {"jis213": "2-90-45", "moro": "40107", "strokes": "26", "ucs": "91C4"}], ["錄", "ロク リョ LỤC", "しるす", "jinmeiyou", ["copy", "write down", "record", "Sao chép. Như biên chép sách vở, chuyên công việc sao chép gọi là đằng lục [謄錄].", "Ghi chép. Như kinh Xuân Thu [春秋] nói lục nội nhi lược ngoại [錄內而略外] chỉ ghi chép việc trong nước mà lược các việc nước ngoài.", "Một tên để gọi sách vở. Như ngữ lục [語錄] quyển sách chép các lời nói hay, ngôn hành lục [言行錄] quyển sách chép các lời hay nết tốt của người nào, v.v. Sổ vở cũng gọi là lục. Như đề danh lục [題名錄] quyển vở đề các tên người.", "Lấy, chọn người chọn việc có thể lấy được thì ghi chép lấy gọi là lục. Như phiến trường túc lục [片長足錄] có chút sở trường đủ lấy, lượng tài lục dụng [量才錄用] cân nhắc tài mà lấy dùng, v.v.", "Coi tất cả. Phép quan ngày xưa có chức lục thượng thư sự [錄尚書事] là chức quan đứng đầu các quan thượng thư, cũng như chức tổng lý quốc vụ [總理國務] bây giờ.", "Thứ bậc.", "Bó buộc.", "Sắc loài kim."], {"grade": "10", "halpern_kkd": "2192", "halpern_njecd": "1745", "jis213": "1-93-21", "moro": "40519", "nelson_n": "6303", "strokes": "16", "ucs": "9304"}], ["鍊", "レン LUYỆN", "ねる", "jinmeiyou", ["smelt metals", "forge", "refine", "Rèn đúc. Rèn đúc các loài kim cho đến tốt gọi là luyện.", "Điêu luyện. Phàm cái gì đến cõi tinh đều gọi là luyện. Như luyện tự [鍊字] chữ dùng luyện lắm."], {"grade": "10", "halpern_kkd": "2207", "halpern_njecd": "1756", "jis213": "1-93-27", "moro": "40602", "nelson_c": "4881", "nelson_n": "6304", "strokes": "17", "ucs": "934A"}], ["鍫", " THIÊU", "", "", ["shovel", "Cái mai, cái rầm, xẻng, thuổng. Cũng viết là thiêu [鍬]."], {"halpern_kkd": "3520", "jis213": "2-91-18", "moro": "40642", "strokes": "17", "ucs": "936B"}], ["鏵", " ", "", "", ["spade", "shovel", "plowshare", ""], {"jis213": "2-91-28", "moro": "40847", "strokes": "20", "ucs": "93F5"}], ["閆", " ", "", "", ["village gate", ""], {"jis213": "2-91-52", "moro": "41219", "strokes": "11", "ucs": "9586"}], ["阴", " ÂM", "", "", ["'female' principle", "dark", "secret", "Giản thể của chữ [陰]."], {"jis213": "2-91-64", "moro": "41579", "strokes": "12", "ucs": "9634"}], ["隽", " TUYỂN, TUẤN", "", "", ["superior", "outstanding", "talented", "Giản thể của chữ 雋"], {"jis213": "2-91-79", "moro": "41945", "strokes": "10", "ucs": "96BD"}], ["霶", " BÀNG", "", "", ["downpouring of rain", "Bàng bái [霶霈] mưa rào. Còn viết là [雱霈]."], {"jis213": "2-91-89", "moro": "42487", "strokes": "21", "ucs": "9736"}], ["頄", " ", "", "", ["cheekbone", ""], {"jis213": "2-92-18", "moro": "43339", "strokes": "11", "ucs": "9804"}], ["颼", " SƯU", "", "", ["sound of wind", "blow chilly", "Sưu sưu [颼颼] tiếng gió vù vù."], {"jis213": "2-92-38", "moro": "43921", "strokes": "19", "ucs": "98BC"}], ["飇", "ヒョウ TIÊU", "つむじかぜ", "", ["whirlwind", "stormy gale", "Gió giật. Gió cực mạnh. Cũng như chữ tiêu [飆]."], {"jis213": "2-92-41", "moro": "43964", "strokes": "21", "ucs": "98C7"}], ["飠", " ", "", "", ["eat", "food", "radical number 184", ""], {"halpern_kkd": "2556", "halpern_njecd": "2061", "jis213": "2-92-43", "strokes": "9", "ucs": "98E0"}], ["飱", " SAN", "", "", ["evening meal", "Tục dùng như chữ san [飧]."], {"jis213": "2-92-50", "moro": "44072", "strokes": "13", "ucs": "98F1"}], ["驒", "タン ダン ダ ", "まだらうま", "", ["dappled", ""], {"jis213": "1-94-20", "moro": "45002", "strokes": "22", "ucs": "9A52"}], ["驘", " LOA", "", "", ["mule", "Nguyên là chữ loa [騾]."], {"jis213": "2-93-5", "moro": "45025", "strokes": "23", "ucs": "9A58"}], ["骷", " KHÔ", "", "", ["skeleton", "Khô lâu [骷髏] cái đầu lâu người chết, xác người chết. Còn gọi là độc lâu [髑髏]."], {"jis213": "2-93-9", "moro": "45156", "strokes": "15", "ucs": "9AB7"}], ["魲", "ロ ", "", "", ["fish name", ""], {"jis213": "1-94-35", "moro": "46019", "strokes": "15", "ucs": "9B72"}], ["鱭", " TỄ", "", "", ["anchovy", "Cá tễ, cá đao."], {"jis213": "2-93-89", "moro": "46570", "strokes": "25", "ucs": "9C6D"}], ["鱺", " LI", "", "", ["eel", "Man li [鰻鱺] cá sộp, cá chình."], {"jis213": "2-93-94", "moro": "46626", "strokes": "30", "ucs": "9C7A"}], ["鵒", " DỤC", "", "", ["mynah bird", "Xem chữ cù [鴝] trong cù dục [鴝鵒]."], {"jis213": "1-94-60", "moro": "46926", "strokes": "18", "ucs": "9D52"}], ["鶽", " ", "", "", ["a hawk", ""], {"jis213": "2-94-33", "moro": "47200", "strokes": "21", "ucs": "9DBD"}], ["鷀", " TỪ", "", "", ["the fishing cormorant", "Lô từ [鸕鷀] một giống chim ở nước, lông đen mỏ dài, hơi khum khum, tài lặn xuống nước mò cá ăn. Cũng viết là lô từ [鸕鷥]. Một tên là ô quỷ [烏鬼]. Tục gọi là thủy lão nha [水老鴉]."], {"jis213": "1-94-66", "moro": "47204", "strokes": "21", "ucs": "9DC0"}], ["麽", " MA, YÊU", "", "", ["interrogative final particle", "insignificant", "small", "tiny", "Dị dạng của chữ [么].", "Giản thể của chữ [麼]."], {"jis213": "2-94-57", "moro": "47893", "strokes": "15", "ucs": "9EBD"}], ["黃", "コウ オウ HOÀNG", "き", "jinmeiyou", ["yellow", "surname", "Cũng như chữ hoàng [黄]."], {"grade": "10", "halpern_kkd": "3128", "halpern_njecd": "2487", "jis213": "1-94-81", "moro": "47926", "nelson_n": "7046", "strokes": "12", "ucs": "9EC3"}], ["黑", "コク HẮC", "くろい くろ", "jinmeiyou", ["black", "dark", "evil", "sinister", "Sắc đen, đen kịt.", "Tối đen."], {"grade": "10", "halpern_kkd": "3462", "halpern_njecd": "2787", "jis213": "1-94-82", "moro": "48038", "nelson_n": "7053", "strokes": "12", "ucs": "9ED1"}], ["欄", " ", "", "jinmeiyou", ["railing", "balustrade", "animal pan", ""], {"grade": "10", "halpern_kkd": "1426", "halpern_njecd": "1109", "jis213": "1-86-27", "moro": "15904", "nelson_c": "2402", "nelson_n": "2915", "strokes": "21", "ucs": "F91D"}], ["廊", " ", "", "jinmeiyou", ["corridor", "porch", "veranda", ""], {"grade": "10", "halpern_kkd": "3913", "halpern_njecd": "3155", "jis213": "1-84-14", "moro": "9437", "nelson_c": "1524", "nelson_n": "1628", "strokes": "12", "ucs": "F928"}], ["朗", " ", "", "jinmeiyou", ["clear", "bright", "distinct", ""], {"grade": "10", "halpern_kkd": "1889", "halpern_njecd": "1495", "jis213": "1-85-46", "moro": "14364", "nelson_c": "3769", "nelson_n": "4813", "strokes": "11", "ucs": "F929"}], ["虜", " ", "", "jinmeiyou", ["capture", "imprison", "seize", "prison", ""], {"grade": "10", "halpern_kkd": "4026", "halpern_njecd": "3244", "jis213": "1-91-47", "strokes": "12", "ucs": "F936"}], ["殺", " ", "", "", ["kill", "slaughter", "murder", "hurt", ""], {"halpern_kkd": "1881", "halpern_njecd": "1488", "jis213": "1-86-41", "moro": "16638", "nelson_c": "2455", "nelson_n": "2995", "strokes": "11", "ucs": "F970"}], ["類", " ", "", "jinmeiyou", ["class", "group", "kind", "category", ""], {"grade": "10", "halpern_kkd": "2319", "halpern_njecd": "1844", "jis213": "1-94-4", "moro": "43636", "nelson_n": "6650", "strokes": "19", "ucs": "F9D0"}], ["隆", " ", "", "", ["prosperous", "plentiful", "abundant", ""], {"halpern_kkd": "767", "halpern_njecd": "628", "jis213": "1-93-61", "moro": "41746", "nelson_n": "6463", "strokes": "17", "ucs": "F9DC"}], ["塚", "チョウ ", "つか", "", ["cemetery", "tomb", ""], {"halpern_kkd": "778", "halpern_njecd": "633", "jis213": "1-15-55", "moro": "5345", "nelson_c": "1104", "nelson_n": "1060", "strokes": "13", "ucs": "FA10"}], ["凞", "キ ", "やわらぐ", "", ["bright", ""], {"halpern_kkd": "3589", "jis213": "1-87-58", "strokes": "16", "ucs": "FA15"}], ["猪", "チョ ", "いのしし い", "jinmeiyou", ["pig", ""], {"grade": "9", "halpern_kkd": "758", "halpern_njecd": "621", "jis213": "1-87-79", "moro": "20534", "nelson_c": "2900", "nelson_n": "3589", "strokes": "13", "ucs": "FA16"}], ["神", "シン ジン ", "かみ こう たましい", "jinmeiyou", ["spirit", ""], {"grade": "10", "halpern_kkd": "1484", "halpern_njecd": "1154", "jis213": "1-89-28", "moro": "24673", "nelson_n": "4088", "strokes": "10", "ucs": "FA19"}], ["祥", "ショウ ", "さいわい", "jinmeiyou", ["good luck", ""], {"grade": "10", "halpern_kkd": "1507", "halpern_njecd": "1176", "jis213": "1-89-29", "moro": "24689", "nelson_n": "4091", "strokes": "11", "ucs": "FA1A"}], ["福", "フク ", "さいわい ひもろぎ", "jinmeiyou", ["happiness", ""], {"grade": "10", "halpern_kkd": "1557", "halpern_njecd": "1215", "jis213": "1-89-33", "moro": "24768", "nelson_n": "4106", "strokes": "14", "ucs": "FA1B"}], ["諸", "ショ ", "もろ これ", "jinmeiyou", ["several", ""], {"grade": "10", "halpern_kkd": "2017", "halpern_njecd": "1602", "jis213": "1-92-14", "moro": "35743", "nelson_c": "4395", "nelson_n": "5650", "strokes": "16", "ucs": "FA22"}]]